Date,FTSE 100
2021-07-01,1.25
2021-06-30,-0.71
2021-06-29,0.21
2021-06-28,-0.88
2021-06-25,0.37
2021-06-24,0.51
2021-06-23,-0.22
2021-06-22,0.39
2021-06-21,0.64
2021-06-18,-1.9
2021-06-17,-0.44
2021-06-16,0.17
2021-06-15,0.36
2021-06-14,0.18
2021-06-11,0.65
2021-06-10,0.1
2021-06-09,-0.2
2021-06-08,0.25
2021-06-07,0.12
2021-06-04,0.07
2021-06-03,-0.61
2021-06-02,0.39
2021-06-01,0.82
2021-05-28,0.04
2021-05-27,-0.1
2021-05-26,-0.04
2021-05-25,-0.31
2021-05-24,0.48
2021-05-21,-0.02
2021-05-20,1.0
2021-05-19,-1.19
2021-05-18,0.02
2021-05-17,-0.15
2021-05-14,1.15
2021-05-13,-0.59
2021-05-12,0.82
2021-05-11,-2.47
2021-05-10,-0.08
2021-05-07,0.76
2021-05-06,0.52
2021-05-05,1.68
2021-05-04,-0.67
2021-04-30,0.12
2021-04-29,-0.03
2021-04-28,0.27
2021-04-27,-0.26
2021-04-26,0.35
2021-04-23,0.0
2021-04-22,0.62
2021-04-21,0.52
2021-04-20,-2.0
2021-04-19,-0.28
2021-04-16,0.52
2021-04-15,0.63
2021-04-14,0.71
2021-04-13,0.02
2021-04-12,-0.39
2021-04-09,-0.38
2021-04-08,0.83
2021-04-07,0.91
2021-04-06,1.28
2021-04-01,0.35
2021-03-31,-0.86
2021-03-30,0.53
2021-03-29,-0.07
2021-03-26,0.99
2021-03-25,-0.57
2021-03-24,0.2
2021-03-23,-0.4
2021-03-22,0.26
2021-03-19,-1.05
2021-03-18,0.25
2021-03-17,-0.6
2021-03-16,0.8
2021-03-15,-0.17
2021-03-12,0.36
2021-03-11,0.17
2021-03-10,-0.07
2021-03-09,0.17
2021-03-08,1.34
2021-03-05,-0.31
2021-03-04,-0.37
2021-03-03,0.93
2021-03-02,0.38
2021-03-01,1.62
2021-02-26,-2.53
2021-02-25,-0.11
2021-02-24,0.5
2021-02-23,0.21
2021-02-22,-0.18
2021-02-19,0.1
2021-02-18,-1.4
2021-02-17,-0.56
2021-02-16,-0.11
2021-02-15,2.52
2021-02-12,0.94
2021-02-11,0.07
2021-02-10,-0.11
2021-02-09,0.12
2021-02-08,0.53
2021-02-05,-0.22
2021-02-04,-0.06
2021-02-03,-0.14
2021-02-02,0.78
2021-02-01,0.92
2021-01-29,-1.82
2021-01-28,-0.63
2021-01-27,-1.3
2021-01-26,0.23
2021-01-25,-0.84
2021-01-22,-0.3
2021-01-21,-0.37
2021-01-20,0.41
2021-01-19,-0.11
2021-01-18,-0.22
2021-01-15,-0.97
2021-01-14,0.84
2021-01-13,-0.13
2021-01-12,-0.65
2021-01-11,-1.09
2021-01-08,0.24
2021-01-07,0.22
2021-01-06,3.47
2021-01-05,0.61
2021-01-04,1.72
2020-12-31,-1.45
2020-12-30,-0.71
2020-12-29,1.55
2020-12-24,0.1
2020-12-23,0.66
2020-12-22,0.57
2020-12-21,-1.73
2020-12-18,-0.33
2020-12-17,-0.3
2020-12-16,0.88
2020-12-15,-0.28
2020-12-14,-0.23
2020-12-11,-0.8
2020-12-10,0.54
2020-12-09,0.08
2020-12-08,0.05
2020-12-07,0.08
2020-12-04,0.92
2020-12-03,0.42
2020-12-02,1.23
2020-12-01,1.89
2020-11-30,-1.59
2020-11-27,0.07
2020-11-26,-0.44
2020-11-25,-0.64
2020-11-24,1.55
2020-11-23,-0.28
2020-11-20,0.27
2020-11-19,-0.8
2020-11-18,0.31
2020-11-17,-0.87
2020-11-16,1.66
2020-11-13,-0.36
2020-11-12,-0.68
2020-11-11,1.35
2020-11-10,1.79
2020-11-09,4.67
2020-11-06,0.07
2020-11-05,0.39
2020-11-04,1.67
2020-11-03,2.33
2020-11-02,1.39
2020-10-30,-0.08
2020-10-29,-0.02
2020-10-28,-2.55
2020-10-27,-1.09
2020-10-26,-1.16
2020-10-23,1.29
2020-10-22,0.16
2020-10-21,-1.91
2020-10-20,0.08
2020-10-19,-0.59
2020-10-16,1.49
2020-10-15,-1.73
2020-10-14,-0.58
2020-10-13,-0.53
2020-10-12,-0.25
2020-10-09,0.65
2020-10-08,0.53
2020-10-07,-0.06
2020-10-06,0.12
2020-10-05,0.69
2020-10-02,0.39
2020-10-01,0.23
2020-09-30,-0.53
2020-09-29,-0.51
2020-09-28,1.46
2020-09-25,0.34
2020-09-24,-1.3
2020-09-23,1.2
2020-09-22,0.43
2020-09-21,-3.38
2020-09-18,-0.71
2020-09-17,-0.47
2020-09-16,-0.44
2020-09-15,1.32
2020-09-14,-0.1
2020-09-11,0.48
2020-09-10,-0.16
2020-09-09,1.39
2020-09-08,-0.12
2020-09-07,2.39
2020-09-04,-0.88
2020-09-03,-1.52
2020-09-02,1.35
2020-09-01,-1.7
2020-08-28,-0.61
2020-08-27,-0.75
2020-08-26,0.14
2020-08-25,-1.11
2020-08-24,1.71
2020-08-21,-0.19
2020-08-20,-1.61
2020-08-19,0.58
2020-08-18,-0.83
2020-08-17,0.61
2020-08-14,-1.55
2020-08-13,-1.5
2020-08-12,2.04
2020-08-11,1.71
2020-08-10,0.31
2020-08-07,0.09
2020-08-06,-1.27
2020-08-05,1.14
2020-08-04,0.05
2020-08-03,2.29
2020-07-31,-1.54
2020-07-30,-2.31
2020-07-29,0.04
2020-07-28,0.4
2020-07-27,-0.31
2020-07-24,-1.41
2020-07-23,0.07
2020-07-22,-1.0
2020-07-21,0.13
2020-07-20,-0.46
2020-07-17,0.63
2020-07-16,-0.67
2020-07-15,1.83
2020-07-14,0.06
2020-07-13,1.33
2020-07-10,0.76
2020-07-09,-1.73
2020-07-08,-0.55
2020-07-07,-1.53
2020-07-06,2.09
2020-07-03,-1.33
2020-07-02,1.34
2020-07-01,-0.19
2020-06-30,-0.9
2020-06-29,1.08
2020-06-26,0.2
2020-06-25,0.38
2020-06-24,-3.11
2020-06-23,1.21
2020-06-22,-0.76
2020-06-19,1.1
2020-06-18,-0.47
2020-06-17,0.17
2020-06-16,2.94
2020-06-15,-0.66
2020-06-12,0.47
2020-06-11,-3.99
2020-06-10,-0.1
2020-06-09,-2.11
2020-06-08,-0.18
2020-06-05,2.25
2020-06-04,-0.64
2020-06-03,2.61
2020-06-02,0.87
2020-06-01,1.48
2020-05-29,-2.29
2020-05-28,1.21
2020-05-27,1.26
2020-05-26,1.24
2020-05-22,-0.37
2020-05-21,-0.86
2020-05-20,1.08
2020-05-19,-0.77
2020-05-18,4.29
2020-05-15,1.01
2020-05-14,-2.75
2020-05-13,-1.51
2020-05-12,0.93
2020-05-11,0.06
2020-05-07,1.4
2020-05-06,0.07
2020-05-05,1.66
2020-05-04,-0.16
2020-05-01,-2.34
2020-04-30,-3.5
2020-04-29,2.63
2020-04-28,1.91
2020-04-27,1.64
2020-04-24,-1.28
2020-04-23,0.97
2020-04-22,2.3
2020-04-21,-2.96
2020-04-20,0.45
2020-04-17,2.82
2020-04-16,0.55
2020-04-15,-3.34
2020-04-14,-0.88
2020-04-09,2.9
2020-04-08,-0.47
2020-04-07,2.19
2020-04-06,3.08
2020-04-03,-1.18
2020-04-02,0.47
2020-04-01,-3.83
2020-03-31,1.95
2020-03-30,0.97
2020-03-27,-5.25
2020-03-26,2.24
2020-03-25,4.45
2020-03-24,9.05
2020-03-23,-3.79
2020-03-20,0.76
2020-03-19,1.4
2020-03-18,-4.05
2020-03-17,2.79
2020-03-16,-4.01
2020-03-13,2.46
2020-03-12,-10.87
2020-03-11,-1.4
2020-03-10,-0.09
2020-03-09,-7.69
2020-03-06,-3.62
2020-03-05,-1.62
2020-03-04,1.45
2020-03-03,0.95
2020-03-02,1.13
2020-02-28,-3.18
2020-02-27,-3.49
2020-02-26,0.35
2020-02-25,-1.94
2020-02-24,-3.34
2020-02-21,-0.44
2020-02-20,-0.27
2020-02-19,1.02
2020-02-18,-0.69
2020-02-17,0.33
2020-02-14,-0.58
2020-02-13,-1.09
2020-02-12,0.47
2020-02-11,0.71
2020-02-10,-0.27
2020-02-07,-0.51
2020-02-06,0.3
2020-02-05,0.57
2020-02-04,1.55
2020-02-03,0.55
2020-01-31,-1.3
2020-01-30,-1.36
2020-01-29,0.04
2020-01-28,0.93
2020-01-27,-2.29
2020-01-24,1.04
2020-01-23,-0.85
2020-01-22,-0.51
2020-01-21,-0.53
2020-01-20,-0.3
2020-01-17,0.85
2020-01-16,-0.43
2020-01-15,0.27
2020-01-14,0.06
2020-01-13,0.39
2020-01-10,-0.14
2020-01-09,0.31
2020-01-08,0.01
2020-01-07,-0.02
2020-01-06,-0.62
2020-01-03,0.24
2020-01-02,0.82
2019-12-31,-0.59
2019-12-30,-0.76
2019-12-27,0.17
2019-12-24,0.11
2019-12-23,0.54
2019-12-20,0.11
2019-12-19,0.44
2019-12-18,0.21
2019-12-17,0.08
2019-12-16,2.25
2019-12-13,1.1
2019-12-12,0.79
2019-12-11,0.03
2019-12-10,-0.28
2019-12-09,-0.08
2019-12-06,1.43
2019-12-05,-0.7
2019-12-04,0.42
2019-12-03,-1.75
2019-12-02,-0.82
2019-11-29,-0.94
2019-11-28,-0.18
2019-11-27,0.36
2019-11-26,0.09
2019-11-25,0.95
2019-11-22,1.22
2019-11-21,-0.33
2019-11-20,-0.84
2019-11-19,0.22
2019-11-18,0.07
2019-11-15,0.14
2019-11-14,-0.8
2019-11-13,-0.19
2019-11-12,0.5
2019-11-11,-0.42
2019-11-08,-0.63
2019-11-07,0.13
2019-11-06,0.12
2019-11-05,0.25
2019-11-04,0.92
2019-11-01,0.75
2019-10-31,-1.12
2019-10-30,0.34
2019-10-29,-0.34
2019-10-28,0.09
2019-10-25,-0.05
2019-10-24,0.93
2019-10-23,0.67
2019-10-22,0.68
2019-10-21,0.18
2019-10-18,-0.44
2019-10-17,0.2
2019-10-16,-0.61
2019-10-15,-0.03
2019-10-14,-0.46
2019-10-11,0.84
2019-10-10,0.28
2019-10-09,0.33
2019-10-08,-0.76
2019-10-07,0.59
2019-10-04,1.1
2019-10-03,-0.63
2019-10-02,-3.23
2019-10-01,-0.65
2019-09-30,-0.24
2019-09-27,1.02
2019-09-26,0.84
2019-09-25,-0.02
2019-09-24,-0.47
2019-09-23,-0.26
2019-09-20,-0.16
2019-09-19,0.58
2019-09-18,-0.09
2019-09-17,-0.01
2019-09-16,-0.63
2019-09-13,0.31
2019-09-12,0.09
2019-09-11,0.96
2019-09-10,0.44
2019-09-09,-0.64
2019-09-06,0.15
2019-09-05,-0.55
2019-09-04,0.59
2019-09-03,-0.19
2019-09-02,1.04
2019-08-30,0.32
2019-08-29,0.98
2019-08-28,0.35
2019-08-27,-0.08
2019-08-23,-0.47
2019-08-22,-1.05
2019-08-21,1.11
2019-08-20,-0.9
2019-08-19,1.02
2019-08-16,0.71
2019-08-15,-1.13
2019-08-14,-1.42
2019-08-13,0.33
2019-08-12,-0.37
2019-08-09,-0.44
2019-08-08,1.21
2019-08-07,0.38
2019-08-06,-0.72
2019-08-05,-2.47
2019-08-02,-2.34
2019-08-01,-0.03
2019-07-31,-0.78
2019-07-30,-0.52
2019-07-29,1.82
2019-07-26,0.8
2019-07-25,-0.17
2019-07-24,-0.73
2019-07-23,0.56
2019-07-22,0.08
2019-07-19,0.21
2019-07-18,-0.56
2019-07-17,-0.55
2019-07-16,0.6
2019-07-15,0.34
2019-07-12,-0.05
2019-07-11,-0.28
2019-07-10,-0.08
2019-07-09,-0.17
2019-07-08,-0.05
2019-07-05,-0.66
2019-07-04,-0.08
2019-07-03,0.66
2019-07-02,0.82
2019-07-01,0.97
2019-06-28,0.31
2019-06-27,-0.19
2019-06-26,-0.08
2019-06-25,0.08
2019-06-24,0.12
2019-06-21,-0.23
2019-06-20,0.28
2019-06-19,-0.53
2019-06-18,1.17
2019-06-17,0.16
2019-06-14,-0.31
2019-06-13,0.01
2019-06-12,-0.42
2019-06-11,0.31
2019-06-10,0.59
2019-06-07,0.99
2019-06-06,0.55
2019-06-05,0.08
2019-06-04,0.41
2019-06-03,0.32
2019-05-31,-0.78
2019-05-30,0.46
2019-05-29,-1.15
2019-05-28,-0.12
2019-05-24,0.65
2019-05-23,-1.41
2019-05-22,0.07
2019-05-21,0.25
2019-05-20,-0.51
2019-05-17,-0.07
2019-05-16,0.78
2019-05-15,0.76
2019-05-14,1.09
2019-05-13,-0.55
2019-05-10,-0.06
2019-05-09,-0.87
2019-05-08,0.15
2019-05-07,-1.63
2019-05-03,0.4
2019-05-02,-0.46
2019-05-01,-0.44
2019-04-30,-0.3
2019-04-29,0.17
2019-04-26,-0.08
2019-04-25,-0.5
2019-04-24,-0.68
2019-04-23,0.85
2019-04-18,-0.15
2019-04-17,0.02
2019-04-16,0.44
2019-04-15,-0.0
2019-04-12,0.26
2019-04-11,-0.05
2019-04-10,-0.05
2019-04-09,-0.35
2019-04-08,0.07
2019-04-05,0.61
2019-04-04,-0.22
2019-04-03,0.37
2019-04-02,1.01
2019-04-01,0.52
2019-03-29,0.62
2019-03-28,0.56
2019-03-27,-0.03
2019-03-26,0.26
2019-03-25,-0.42
2019-03-22,-2.01
2019-03-21,0.88
2019-03-20,-0.45
2019-03-19,0.34
2019-03-18,0.98
2019-03-15,0.6
2019-03-14,0.37
2019-03-13,0.11
2019-03-12,0.29
2019-03-11,0.37
2019-03-08,-0.74
2019-03-07,-0.53
2019-03-06,0.17
2019-03-05,0.69
2019-03-04,0.39
2019-03-01,0.45
2019-02-28,-0.46
2019-02-27,-0.61
2019-02-26,-0.45
2019-02-25,0.07
2019-02-22,0.16
2019-02-21,-0.85
2019-02-20,0.69
2019-02-19,-0.56
2019-02-18,-0.24
2019-02-15,0.55
2019-02-14,0.09
2019-02-13,0.81
2019-02-12,0.06
2019-02-11,0.82
2019-02-08,-0.32
2019-02-07,-1.11
2019-02-06,-0.06
2019-02-05,2.04
2019-02-04,0.2
2019-02-01,0.74
2019-01-31,0.39
2019-01-30,1.58
2019-01-29,1.29
2019-01-28,-0.91
2019-01-25,-0.14
2019-01-24,-0.35
2019-01-23,-0.85
2019-01-22,-0.99
2019-01-21,0.03
2019-01-18,1.95
2019-01-17,-0.4
2019-01-16,-0.47
2019-01-15,0.58
2019-01-14,-0.91
2019-01-11,-0.36
2019-01-10,0.52
2019-01-09,0.66
2019-01-08,0.74
2019-01-07,-0.39
2019-01-04,2.16
2019-01-03,-0.62
2019-01-02,0.09
2018-12-31,-0.09
2018-12-28,2.27
2018-12-27,-1.52
2018-12-24,-0.52
2018-12-21,0.14
2018-12-20,-0.8
2018-12-19,0.96
2018-12-18,-1.06
2018-12-17,-1.05
2018-12-14,-0.47
2018-12-13,-0.04
2018-12-12,1.08
2018-12-11,1.27
2018-12-10,-0.83
2018-12-07,1.1
2018-12-06,-3.15
2018-12-05,-1.44
2018-12-04,-0.56
2018-12-03,1.18
2018-11-30,-0.83
2018-11-29,0.49
2018-11-28,-0.18
2018-11-27,-0.27
2018-11-26,1.2
2018-11-23,-0.11
2018-11-22,-1.28
2018-11-21,1.47
2018-11-20,-0.76
2018-11-19,-0.19
2018-11-16,-0.34
2018-11-15,0.06
2018-11-14,-0.28
2018-11-13,0.01
2018-11-12,-0.74
2018-11-09,-0.49
2018-11-08,0.33
2018-11-07,1.09
2018-11-06,-0.89
2018-11-05,0.14
2018-11-02,-0.29
2018-11-01,-0.19
2018-10-31,1.31
2018-10-30,0.14
2018-10-29,1.25
2018-10-26,-0.92
2018-10-25,0.59
2018-10-24,0.11
2018-10-23,-1.24
2018-10-22,-0.1
2018-10-19,0.32
2018-10-18,-0.39
2018-10-17,-0.07
2018-10-16,0.43
2018-10-15,0.48
2018-10-12,-0.16
2018-10-11,-1.94
2018-10-10,-1.27
2018-10-09,0.06
2018-10-08,-1.16
2018-10-05,-1.35
2018-10-04,-1.22
2018-10-03,0.48
2018-10-02,-0.28
2018-10-01,-0.19
2018-09-28,-0.47
2018-09-27,0.45
2018-09-26,0.05
2018-09-25,0.66
2018-09-24,-0.42
2018-09-21,1.67
2018-09-20,0.49
2018-09-19,0.42
2018-09-18,-0.03
2018-09-17,-0.03
2018-09-14,0.31
2018-09-13,-0.43
2018-09-12,0.55
2018-09-11,-0.08
2018-09-10,0.02
2018-09-07,-0.56
2018-09-06,-0.87
2018-09-05,-1.0
2018-09-04,-0.62
2018-09-03,0.97
2018-08-31,-1.11
2018-08-30,-0.62
2018-08-29,-0.71
2018-08-28,0.52
2018-08-24,0.19
2018-08-23,-0.15
2018-08-22,0.11
2018-08-21,-0.34
2018-08-20,0.43
2018-08-17,0.03
2018-08-16,0.78
2018-08-15,-1.49
2018-08-14,-0.4
2018-08-13,-0.32
2018-08-10,-0.97
2018-08-09,-0.45
2018-08-08,0.75
2018-08-07,0.71
2018-08-06,0.06
2018-08-03,1.1
2018-08-02,-1.01
2018-08-01,-1.24
2018-07-31,0.62
2018-07-30,-0.01
2018-07-27,0.5
2018-07-26,0.06
2018-07-25,-0.66
2018-07-24,0.7
2018-07-23,-0.3
2018-07-20,-0.07
2018-07-19,0.1
2018-07-18,0.65
2018-07-17,0.34
2018-07-16,-0.8
2018-07-13,0.14
2018-07-12,0.78
2018-07-11,-1.3
2018-07-10,0.05
2018-07-09,0.92
2018-07-06,0.19
2018-07-05,0.4
2018-07-04,-0.27
2018-07-03,0.6
2018-07-02,-1.17
2018-06-29,0.28
2018-06-28,-0.08
2018-06-27,1.11
2018-06-26,0.37
2018-06-25,-2.24
2018-06-22,1.67
2018-06-21,-0.93
2018-06-20,0.31
2018-06-19,-0.36
2018-06-18,-0.03
2018-06-15,-1.7
2018-06-14,0.81
2018-06-13,-0.0
2018-06-12,-0.43
2018-06-11,0.73
2018-06-08,-0.3
2018-06-07,-0.1
2018-06-06,0.33
2018-06-05,-0.7
2018-06-04,0.51
2018-06-01,0.31
2018-05-31,-0.15
2018-05-30,0.75
2018-05-29,-1.26
2018-05-25,0.18
2018-05-24,-0.92
2018-05-23,-1.13
2018-05-22,0.23
2018-05-21,1.03
2018-05-18,-0.12
2018-05-17,0.7
2018-05-16,0.15
2018-05-15,0.16
2018-05-14,-0.18
2018-05-11,0.31
2018-05-10,0.5
2018-05-09,1.28
2018-05-08,-0.02
2018-05-04,0.86
2018-05-03,-0.54
2018-05-02,0.3
2018-05-01,0.15
2018-04-30,0.09
2018-04-27,1.09
2018-04-26,0.57
2018-04-25,-0.62
2018-04-24,0.36
2018-04-23,0.42
2018-04-20,0.54
2018-04-19,0.16
2018-04-18,1.26
2018-04-17,0.39
2018-04-16,-0.91
2018-04-13,0.09
2018-04-12,0.02
2018-04-11,-0.13
2018-04-10,1.0
2018-04-09,0.15
2018-04-06,-0.22
2018-04-05,2.35
2018-04-04,0.05
2018-04-03,-0.37
2018-03-29,0.17
2018-03-28,0.64
2018-03-27,1.62
2018-03-26,-0.48
2018-03-23,-0.44
2018-03-22,-1.23
2018-03-21,-0.32
2018-03-20,0.26
2018-03-19,-1.69
2018-03-16,0.34
2018-03-15,0.1
2018-03-14,-0.09
2018-03-13,-1.05
2018-03-12,-0.13
2018-03-09,0.3
2018-03-08,0.63
2018-03-07,0.16
2018-03-06,0.43
2018-03-05,0.65
2018-03-02,-1.47
2018-03-01,-0.78
2018-02-28,-0.69
2018-02-27,-0.1
2018-02-26,0.62
2018-02-23,-0.11
2018-02-22,-0.4
2018-02-21,0.48
2018-02-20,-0.01
2018-02-19,-0.64
2018-02-16,0.83
2018-02-15,0.29
2018-02-14,0.64
2018-02-13,-0.13
2018-02-12,1.19
2018-02-09,-1.09
2018-02-08,-1.49
2018-02-07,1.93
2018-02-06,-2.64
2018-02-05,-1.46
2018-02-02,-0.63
2018-02-01,-0.57
2018-01-31,-0.72
2018-01-30,-1.09
2018-01-29,0.08
2018-01-26,0.65
2018-01-25,-0.36
2018-01-24,-1.14
2018-01-23,0.21
2018-01-22,-0.2
2018-01-19,0.39
2018-01-18,-0.32
2018-01-17,-0.39
2018-01-16,-0.17
2018-01-15,-0.12
2018-01-12,0.2
2018-01-11,0.19
2018-01-10,0.23
2018-01-09,0.45
2018-01-08,-0.36
2018-01-05,0.37
2018-01-04,0.32
2018-01-03,0.3
2018-01-02,-0.52
2017-12-29,0.85
2017-12-28,0.03
2017-12-27,0.37
2017-12-22,-0.15
2017-12-21,1.05
2017-12-20,-0.25
2017-12-19,0.09
2017-12-18,0.62
2017-12-15,0.57
2017-12-14,-0.65
2017-12-13,-0.05
2017-12-12,0.63
2017-12-11,0.8
2017-12-08,1.0
2017-12-07,-0.37
2017-12-06,0.28
2017-12-05,-0.16
2017-12-04,0.53
2017-12-01,-0.36
2017-11-30,-0.9
2017-11-29,-0.9
2017-11-28,1.04
2017-11-27,-0.35
2017-11-24,-0.1
2017-11-23,-0.02
2017-11-22,0.1
2017-11-21,0.3
2017-11-20,0.12
2017-11-17,-0.08
2017-11-16,0.19
2017-11-15,-0.56
2017-11-14,-0.01
2017-11-13,-0.24
2017-11-10,-0.68
2017-11-09,-0.61
2017-11-08,0.22
2017-11-07,-0.65
2017-11-06,0.03
2017-11-03,0.07
2017-11-02,0.9
2017-11-01,-0.07
2017-10-31,0.07
2017-10-30,-0.23
2017-10-27,0.25
2017-10-26,0.53
2017-10-25,-1.05
2017-10-24,0.03
2017-10-23,0.02
2017-10-20,0.0
2017-10-19,-0.26
2017-10-18,0.36
2017-10-17,-0.14
2017-10-16,-0.11
2017-10-13,-0.28
2017-10-12,0.3
2017-10-11,-0.06
2017-10-10,0.4
2017-10-09,-0.2
2017-10-06,0.2
2017-10-05,0.54
2017-10-04,-0.01
2017-10-03,0.39
2017-10-02,0.9
2017-09-29,0.68
2017-09-28,0.13
2017-09-27,0.38
2017-09-26,-0.21
2017-09-25,-0.13
2017-09-22,0.64
2017-09-21,-0.11
2017-09-20,-0.05
2017-09-19,0.3
2017-09-18,0.52
2017-09-15,-1.1
2017-09-14,-1.14
2017-09-13,-0.28
2017-09-12,-0.17
2017-09-11,0.49
2017-09-08,-0.26
2017-09-07,0.58
2017-09-06,-0.25
2017-09-05,-0.52
2017-09-04,-0.36
2017-09-01,0.11
2017-08-31,0.89
2017-08-30,0.38
2017-08-29,-0.87
2017-08-25,-0.08
2017-08-24,0.33
2017-08-23,0.01
2017-08-22,0.86
2017-08-21,-0.07
2017-08-18,-0.86
2017-08-17,-0.61
2017-08-16,0.67
2017-08-15,0.41
2017-08-14,0.6
2017-08-11,-1.08
2017-08-10,-1.44
2017-08-09,-0.59
2017-08-08,0.14
2017-08-07,0.27
2017-08-04,0.49
2017-08-03,0.85
2017-08-02,-0.16
2017-08-01,0.7
2017-07-31,0.05
2017-07-28,-1.0
2017-07-27,-0.12
2017-07-26,0.24
2017-07-25,0.77
2017-07-24,-1.01
2017-07-21,-0.47
2017-07-20,0.77
2017-07-19,0.55
2017-07-18,-0.19
2017-07-17,0.35
2017-07-14,-0.47
2017-07-13,-0.05
2017-07-12,1.19
2017-07-11,-0.55
2017-07-10,0.26
2017-07-07,0.19
2017-07-06,-0.41
2017-07-05,0.14
2017-07-04,-0.27
2017-07-03,0.88
2017-06-30,-0.51
2017-06-29,-0.51
2017-06-28,-0.63
2017-06-27,-0.17
2017-06-26,0.31
2017-06-23,-0.2
2017-06-22,-0.11
2017-06-21,-0.33
2017-06-20,-0.68
2017-06-19,0.81
2017-06-16,0.6
2017-06-15,-0.74
2017-06-14,-0.35
2017-06-13,-0.15
2017-06-12,-0.21
2017-06-09,1.04
2017-06-08,-0.38
2017-06-07,-0.62
2017-06-06,-0.01
2017-06-05,-0.29
2017-06-02,0.05
2017-06-01,0.32
2017-05-31,-0.09
2017-05-30,-0.28
2017-05-26,0.4
2017-05-25,0.04
2017-05-24,0.4
2017-05-23,-0.15
2017-05-22,0.34
2017-05-19,0.46
2017-05-18,-0.89
2017-05-17,-0.25
2017-05-16,0.91
2017-05-15,0.26
2017-05-12,0.66
2017-05-11,0.02
2017-05-10,0.59
2017-05-09,0.57
2017-05-08,0.05
2017-05-05,0.68
2017-05-04,0.19
2017-05-03,-0.21
2017-05-02,0.64
2017-04-28,-0.46
2017-04-27,-0.71
2017-04-26,0.18
2017-04-25,0.15
2017-04-24,2.11
2017-04-21,-0.06
2017-04-20,0.06
2017-04-19,-0.46
2017-04-18,-2.46
2017-04-13,-0.29
2017-04-12,-0.22
2017-04-11,0.23
2017-04-10,-0.01
2017-04-07,0.63
2017-04-06,-0.39
2017-04-05,0.13
2017-04-04,0.54
2017-04-03,-0.55
2017-03-31,-0.63
2017-03-30,-0.06
2017-03-29,0.41
2017-03-28,0.68
2017-03-27,-0.59
2017-03-24,-0.05
2017-03-23,0.22
2017-03-22,-0.73
2017-03-21,-0.69
2017-03-20,0.07
2017-03-17,0.12
2017-03-16,0.64
2017-03-15,0.15
2017-03-14,-0.13
2017-03-13,0.33
2017-03-10,0.38
2017-03-09,-0.27
2017-03-08,-0.06
2017-03-07,-0.15
2017-03-06,-0.33
2017-03-03,-0.11
2017-03-02,-0.01
2017-03-01,1.64
2017-02-28,0.14
2017-02-27,0.13
2017-02-24,-0.38
2017-02-23,-0.42
2017-02-22,0.38
2017-02-21,-0.34
2017-02-20,-0.0
2017-02-17,0.3
2017-02-16,-0.34
2017-02-15,0.47
2017-02-14,-0.14
2017-02-13,0.28
2017-02-10,0.4
2017-02-09,0.57
2017-02-08,0.04
2017-02-07,0.2
2017-02-06,-0.22
2017-02-03,0.67
2017-02-02,0.47
2017-02-01,0.12
2017-01-31,-0.27
2017-01-30,-0.92
2017-01-27,0.32
2017-01-26,-0.04
2017-01-25,0.2
2017-01-24,-0.01
2017-01-23,-0.66
2017-01-20,-0.14
2017-01-19,-0.54
2017-01-18,0.38
2017-01-17,-1.46
2017-01-16,-0.15
2017-01-13,0.62
2017-01-12,0.03
2017-01-11,0.21
2017-01-10,0.52
2017-01-09,0.38
2017-01-06,0.2
2017-01-05,0.08
2017-01-04,0.17
2017-01-03,0.49
2016-12-30,0.32
2016-12-29,0.2
2016-12-28,0.54
2016-12-23,0.06
2016-12-22,0.32
2016-12-21,-0.04
2016-12-20,0.38
2016-12-19,0.08
2016-12-16,0.18
2016-12-15,0.72
2016-12-14,-0.28
2016-12-13,1.13
2016-12-12,-0.92
2016-12-09,0.33
2016-12-08,0.42
2016-12-07,1.81
2016-12-06,0.49
2016-12-05,0.24
2016-12-02,-0.33
2016-12-01,-0.45
2016-11-30,0.17
2016-11-29,-0.4
2016-11-28,-0.6
2016-11-25,0.17
2016-11-24,0.17
2016-11-23,-0.03
2016-11-22,0.62
2016-11-21,0.03
2016-11-18,-0.28
2016-11-17,0.67
2016-11-16,-0.63
2016-11-15,0.59
2016-11-14,0.34
2016-11-11,-1.43
2016-11-10,-1.21
2016-11-09,1.0
2016-11-08,0.53
2016-11-07,1.7
2016-11-04,-1.43
2016-11-03,-0.8
2016-11-02,-1.04
2016-11-01,-0.53
2016-10-31,-0.6
2016-10-28,0.14
2016-10-27,0.41
2016-10-26,-0.85
2016-10-25,0.45
2016-10-24,-0.49
2016-10-21,-0.09
2016-10-20,0.07
2016-10-19,0.31
2016-10-18,0.76
2016-10-17,-0.94
2016-10-14,0.51
2016-10-13,-0.66
2016-10-12,-0.66
2016-10-11,-0.38
2016-10-10,0.75
2016-10-07,0.63
2016-10-06,-0.47
2016-10-05,-0.58
2016-10-04,1.3
2016-10-03,1.22
2016-09-30,-0.29
2016-09-29,1.02
2016-09-28,0.61
2016-09-27,-0.15
2016-09-26,-1.32
2016-09-23,-0.03
2016-09-22,1.12
2016-09-21,0.06
2016-09-20,0.25
2016-09-19,1.54
2016-09-16,-0.3
2016-09-15,0.85
2016-09-14,0.12
2016-09-13,-0.53
2016-09-12,-1.12
2016-09-09,-1.19
2016-09-08,0.18
2016-09-07,0.3
2016-09-06,-0.78
2016-09-05,-0.22
2016-09-02,2.2
2016-09-01,-0.52
2016-08-31,-0.58
2016-08-30,-0.25
2016-08-26,0.31
2016-08-25,-0.28
2016-08-24,-0.48
2016-08-23,0.59
2016-08-22,-0.44
2016-08-19,-0.15
2016-08-18,0.14
2016-08-17,-0.5
2016-08-16,-0.68
2016-08-15,0.36
2016-08-12,0.02
2016-08-11,0.7
2016-08-10,0.22
2016-08-09,0.62
2016-08-08,0.23
2016-08-05,0.79
2016-08-04,1.59
2016-08-03,-0.17
2016-08-02,-0.73
2016-08-01,-0.45
2016-07-29,0.05
2016-07-28,-0.44
2016-07-27,0.39
2016-07-26,0.21
2016-07-25,-0.3
2016-07-22,0.46
2016-07-21,-0.43
2016-07-20,0.47
2016-07-19,0.03
2016-07-18,0.39
2016-07-15,0.22
2016-07-14,-0.24
2016-07-13,-0.15
2016-07-12,-0.03
2016-07-11,1.4
2016-07-08,0.87
2016-07-07,1.09
2016-07-06,-1.25
2016-07-05,0.35
2016-07-04,-0.84
2016-07-01,1.13
2016-06-30,2.27
2016-06-29,3.58
2016-06-28,2.64
2016-06-27,-2.55
2016-06-24,-3.15
2016-06-23,1.23
2016-06-22,0.56
2016-06-21,0.36
2016-06-20,3.04
2016-06-17,1.19
2016-06-16,-0.27
2016-06-15,0.73
2016-06-14,-2.01
2016-06-13,-1.16
2016-06-10,-1.86
2016-06-09,-1.1
2016-06-08,0.27
2016-06-07,0.18
2016-06-06,1.03
2016-06-03,0.39
2016-06-02,-0.1
2016-06-01,-0.62
2016-05-31,-0.64
2016-05-27,0.08
2016-05-26,0.04
2016-05-25,0.7
2016-05-24,1.35
2016-05-23,-0.32
2016-05-20,1.7
2016-05-19,-1.82
2016-05-18,-0.03
2016-05-17,0.27
2016-05-16,0.21
2016-05-13,0.56
2016-05-12,-0.95
2016-05-11,0.09
2016-05-10,0.68
2016-05-09,-0.18
2016-05-06,0.14
2016-05-05,0.09
2016-05-04,-1.19
2016-05-03,-0.9
2016-04-29,-1.27
2016-04-28,0.04
2016-04-27,0.56
2016-04-26,0.38
2016-04-25,-0.78
2016-04-22,-1.11
2016-04-21,-0.45
2016-04-20,0.08
2016-04-19,0.82
2016-04-18,0.15
2016-04-15,-0.34
2016-04-14,0.03
2016-04-13,1.93
2016-04-12,0.68
2016-04-11,-0.07
2016-04-08,1.1
2016-04-07,-0.4
2016-04-06,1.16
2016-04-05,-1.19
2016-04-04,0.3
2016-04-01,-0.47
2016-03-31,-0.46
2016-03-30,1.59
2016-03-29,-0.01
2016-03-24,-1.49
2016-03-23,0.1
2016-03-22,0.13
2016-03-21,-0.08
2016-03-18,-0.19
2016-03-17,0.42
2016-03-16,0.58
2016-03-15,-0.56
2016-03-14,0.57
2016-03-11,1.71
2016-03-10,-1.78
2016-03-09,0.34
2016-03-08,-0.92
2016-03-07,-0.27
2016-03-04,1.13
2016-03-03,-0.27
2016-03-02,-0.09
2016-03-01,0.92
2016-02-29,0.02
2016-02-26,1.38
2016-02-25,2.48
2016-02-24,-1.6
2016-02-23,-1.25
2016-02-22,1.47
2016-02-19,-0.36
2016-02-18,-0.97
2016-02-17,2.87
2016-02-16,0.65
2016-02-15,2.04
2016-02-12,3.08
2016-02-11,-2.39
2016-02-10,0.71
2016-02-09,-1.0
2016-02-08,-2.71
2016-02-05,-0.86
2016-02-04,1.06
2016-02-03,-1.43
2016-02-02,-2.28
2016-02-01,-0.39
2016-01-29,2.56
2016-01-28,-0.98
2016-01-27,1.33
2016-01-26,0.59
2016-01-25,-0.39
2016-01-22,2.19
2016-01-21,1.77
2016-01-20,-3.46
2016-01-19,1.68
2016-01-18,-0.42
2016-01-15,-1.93
2016-01-14,-0.72
2016-01-13,0.54
2016-01-12,0.98
2016-01-11,-0.69
2016-01-08,-0.7
2016-01-07,-1.96
2016-01-06,-1.04
2016-01-05,0.72
2016-01-04,-2.39
2015-12-31,-0.51
2015-12-30,-0.64
2015-12-29,0.96
2015-12-24,0.22
2015-12-23,2.6
2015-12-22,0.8
2015-12-21,-0.29
2015-12-18,-0.82
2015-12-17,0.68
2015-12-16,0.72
2015-12-15,2.45
2015-12-14,-1.32
2015-12-11,-2.22
2015-12-10,-0.63
2015-12-09,-0.14
2015-12-08,-1.42
2015-12-07,-0.24
2015-12-04,-0.59
2015-12-03,-2.27
2015-12-02,0.4
2015-12-01,0.62
2015-11-30,-0.3
2015-11-27,-0.28
2015-11-26,0.88
2015-11-25,0.96
2015-11-24,-0.45
2015-11-23,-0.46
2015-11-20,0.07
2015-11-19,0.81
2015-11-18,0.16
2015-11-17,1.99
2015-11-16,0.46
2015-11-13,-0.98
2015-11-12,-1.88
2015-11-11,0.35
2015-11-10,-0.32
2015-11-09,-0.92
2015-11-06,-0.17
2015-11-05,-0.75
2015-11-04,0.46
2015-11-03,0.34
2015-11-02,0.01
2015-10-30,-0.54
2015-10-29,-0.65
2015-10-28,1.14
2015-10-27,-0.81
2015-10-26,-0.42
2015-10-23,1.06
2015-10-22,0.44
2015-10-21,0.05
2015-10-20,-0.11
2015-10-19,-0.4
2015-10-16,0.62
2015-10-15,1.1
2015-10-14,-1.15
2015-10-13,-0.45
2015-10-12,-0.7
2015-10-09,0.65
2015-10-08,0.61
2015-10-07,0.16
2015-10-06,0.43
2015-10-05,2.76
2015-10-02,0.95
2015-10-01,0.18
2015-09-30,2.58
2015-09-29,-0.83
2015-09-28,-2.46
2015-09-25,2.47
2015-09-24,-1.17
2015-09-23,1.62
2015-09-22,-2.83
2015-09-21,0.08
2015-09-18,-1.34
2015-09-17,-0.68
2015-09-16,1.49
2015-09-15,0.87
2015-09-14,-0.54
2015-09-11,-0.62
2015-09-10,-1.18
2015-09-09,1.35
2015-09-08,1.18
2015-09-07,0.52
2015-09-04,-2.44
2015-09-03,1.82
2015-09-02,0.41
2015-09-01,-3.03
2015-08-28,0.9
2015-08-27,3.56
2015-08-26,-1.68
2015-08-25,3.09
2015-08-24,-4.67
2015-08-21,-2.83
2015-08-20,-0.56
2015-08-19,-1.88
2015-08-18,-0.37
2015-08-17,-0.01
2015-08-14,-0.27
2015-08-13,-0.04
2015-08-12,-1.4
2015-08-11,-1.06
2015-08-10,0.26
2015-08-07,-0.42
2015-08-06,-0.08
2015-08-05,0.98
2015-08-04,-0.03
2015-08-03,-0.11
2015-07-31,0.41
2015-07-30,0.57
2015-07-29,1.16
2015-07-28,0.77
2015-07-27,-1.13
2015-07-24,-1.13
2015-07-23,-0.18
2015-07-22,-1.5
2015-07-21,-0.29
2015-07-20,0.2
2015-07-17,-0.31
2015-07-16,0.63
2015-07-15,0.0
2015-07-14,0.23
2015-07-13,0.97
2015-07-10,1.39
2015-07-09,1.4
2015-07-08,0.91
2015-07-07,-1.58
2015-07-06,-0.76
2015-07-03,-0.67
2015-07-02,0.33
2015-07-01,1.34
2015-06-30,-1.5
2015-06-29,-1.97
2015-06-26,-0.79
2015-06-25,-0.54
2015-06-24,0.15
2015-06-23,0.13
2015-06-22,1.72
2015-06-19,0.04
2015-06-18,0.41
2015-06-17,-0.44
2015-06-16,-0.01
2015-06-15,-1.1
2015-06-12,-0.9
2015-06-11,0.24
2015-06-10,1.13
2015-06-09,-0.53
2015-06-08,-0.21
2015-06-05,-0.8
2015-06-04,-1.31
2015-06-03,0.32
2015-06-02,-0.36
2015-06-01,-0.44
2015-05-29,-0.8
2015-05-28,0.11
2015-05-27,1.21
2015-05-26,-1.18
2015-05-22,0.26
2015-05-21,0.09
2015-05-20,0.17
2015-05-19,0.38
2015-05-18,0.12
2015-05-15,-0.18
2015-05-14,0.34
2015-05-13,0.23
2015-05-12,-1.37
2015-05-11,-0.24
2015-05-08,2.32
2015-05-07,-0.67
2015-05-06,0.09
2015-05-05,-0.84
2015-05-01,0.36
2015-04-30,0.21
2015-04-29,-1.2
2015-04-28,-1.03
2015-04-27,0.47
2015-04-24,0.24
2015-04-23,0.36
2015-04-22,-0.49
2015-04-21,0.15
2015-04-20,0.82
2015-04-17,-0.93
2015-04-16,-0.51
2015-04-15,0.3
2015-04-14,0.16
2015-04-13,-0.36
2015-04-10,1.06
2015-04-09,1.12
2015-04-08,-0.35
2015-04-07,1.88
2015-04-02,0.35
2015-04-01,0.54
2015-03-31,-1.72
2015-03-30,0.53
2015-03-27,-0.58
2015-03-26,-1.37
2015-03-25,-0.41
2015-03-24,-0.26
2015-03-23,0.22
2015-03-20,0.86
2015-03-19,0.25
2015-03-18,1.57
2015-03-17,0.49
2015-03-16,0.94
2015-03-13,-0.3
2015-03-12,0.59
2015-03-11,0.28
2015-03-10,-2.52
2015-03-09,-0.51
2015-03-06,-0.71
2015-03-05,0.61
2015-03-04,0.44
2015-03-03,-0.74
2015-03-02,-0.09
2015-02-27,-0.04
2015-02-26,0.21
2015-02-25,-0.21
2015-02-24,0.54
2015-02-23,-0.04
2015-02-20,0.38
2015-02-19,-0.13
2015-02-18,-0.0
2015-02-17,0.6
2015-02-16,-0.24
2015-02-13,0.67
2015-02-12,0.15
2015-02-11,-0.16
2015-02-10,-0.12
2015-02-09,-0.24
2015-02-06,-0.18
2015-02-05,0.09
2015-02-04,-0.17
2015-02-03,1.32
2015-02-02,0.49
2015-01-30,-0.9
2015-01-29,-0.22
2015-01-28,0.21
2015-01-27,-0.6
2015-01-26,0.29
2015-01-23,0.53
2015-01-22,1.02
2015-01-21,1.63
2015-01-20,0.52
2015-01-19,0.54
2015-01-16,0.79
2015-01-15,1.73
2015-01-14,-2.35
2015-01-13,0.63
2015-01-12,0.0
2015-01-09,-1.05
2015-01-08,2.34
2015-01-07,0.84
2015-01-06,-0.79
2015-01-05,-2.0
2015-01-02,-0.28
2014-12-31,0.29
2014-12-30,-1.3
2014-12-29,0.36
2014-12-24,0.18
2014-12-23,0.33
2014-12-22,0.48
2014-12-19,1.23
2014-12-18,2.04
2014-12-17,0.07
2014-12-16,2.41
2014-12-15,-1.87
2014-12-12,-2.49
2014-12-11,-0.59
2014-12-10,-0.45
2014-12-09,-2.14
2014-12-08,-1.05
2014-12-05,0.95
2014-12-04,-0.55
2014-12-03,-0.38
2014-12-02,1.29
2014-12-01,-0.99
2014-11-28,-0.01
2014-11-27,-0.09
2014-11-26,-0.03
2014-11-25,0.02
2014-11-24,-0.31
2014-11-21,1.08
2014-11-20,-0.26
2014-11-19,-0.19
2014-11-18,0.56
2014-11-17,0.26
2014-11-14,0.29
2014-11-13,0.37
2014-11-12,-0.25
2014-11-11,0.24
2014-11-10,0.67
2014-11-07,0.25
2014-11-06,0.18
2014-11-05,1.32
2014-11-04,-0.52
2014-11-03,-0.89
2014-10-31,1.28
2014-10-30,0.15
2014-10-29,0.81
2014-10-28,0.61
2014-10-27,-0.4
2014-10-24,-0.47
2014-10-23,0.3
2014-10-22,0.43
2014-10-21,1.68
2014-10-20,-0.68
2014-10-17,1.85
2014-10-16,-0.25
2014-10-15,-2.83
2014-10-14,0.42
2014-10-13,0.41
2014-10-10,-1.43
2014-10-09,-0.78
2014-10-08,-0.21
2014-10-07,-1.04
2014-10-06,0.55
2014-10-03,1.26
2014-10-02,-1.69
2014-10-01,-0.98
2014-09-30,-0.36
2014-09-29,-0.04
2014-09-26,0.15
2014-09-25,-0.99
2014-09-24,0.45
2014-09-23,-1.44
2014-09-22,-0.94
2014-09-19,0.27
2014-09-18,0.57
2014-09-17,-0.17
2014-09-16,-0.18
2014-09-15,-0.04
2014-09-12,0.11
2014-09-11,-0.45
2014-09-10,0.02
2014-09-09,-0.08
2014-09-08,-0.3
2014-09-05,-0.33
2014-09-04,0.06
2014-09-03,0.65
2014-09-02,0.06
2014-09-01,0.08
2014-08-29,0.2
2014-08-28,-0.36
2014-08-27,0.12
2014-08-26,0.7
2014-08-22,-0.04
2014-08-21,0.33
2014-08-20,-0.35
2014-08-19,0.56
2014-08-18,0.78
2014-08-15,0.06
2014-08-14,0.43
2014-08-13,0.37
2014-08-12,-0.01
2014-08-11,1.0
2014-08-08,-0.45
2014-08-07,-0.58
2014-08-06,-0.69
2014-08-05,0.07
2014-08-04,-0.02
2014-08-01,-0.76
2014-07-31,-0.64
2014-07-30,-0.5
2014-07-29,0.29
2014-07-28,-0.05
2014-07-25,-0.44
2014-07-24,0.34
2014-07-23,0.04
2014-07-22,0.99
2014-07-21,-0.31
2014-07-18,0.17
2014-07-17,-0.68
2014-07-16,1.11
2014-07-15,-0.53
2014-07-14,0.84
2014-07-11,0.27
2014-07-10,-0.68
2014-07-09,-0.3
2014-07-08,-1.25
2014-07-07,-0.62
2014-07-04,0.01
2014-07-03,0.72
2014-07-02,0.2
2014-07-01,0.87
2014-06-30,-0.2
2014-06-27,0.34
2014-06-26,0.02
2014-06-25,-0.79
2014-06-24,-0.2
2014-06-23,-0.36
2014-06-20,0.25
2014-06-19,0.44
2014-06-18,0.17
2014-06-17,0.18
2014-06-16,-0.34
2014-06-13,-0.95
2014-06-12,0.06
2014-06-11,-0.5
2014-06-10,-0.02
2014-06-09,0.24
2014-06-06,0.66
2014-06-05,-0.08
2014-06-04,-0.26
2014-06-03,-0.41
2014-06-02,0.29
2014-05-30,-0.39
2014-05-29,0.29
2014-05-28,0.09
2014-05-27,0.43
2014-05-23,-0.07
2014-05-22,-0.01
2014-05-21,0.28
2014-05-20,-0.62
2014-05-19,-0.16
2014-05-16,0.22
2014-05-15,-0.55
2014-05-14,0.08
2014-05-13,0.31
2014-05-12,0.55
2014-05-09,-0.36
2014-05-08,0.63
2014-05-07,-0.03
2014-05-06,-0.35
2014-05-02,0.2
2014-05-01,0.43
2014-04-30,0.15
2014-04-29,1.04
2014-04-28,0.22
2014-04-25,-0.26
2014-04-24,0.42
2014-04-23,-0.11
2014-04-22,0.85
2014-04-17,0.62
2014-04-16,0.65
2014-04-15,-0.64
2014-04-14,0.34
2014-04-11,-1.21
2014-04-10,0.1
2014-04-09,0.68
2014-04-08,-0.49
2014-04-07,-1.09
2014-04-04,0.7
2014-04-03,-0.15
2014-04-02,0.1
2014-04-01,0.82
2014-03-31,-0.26
2014-03-28,0.41
2014-03-27,-0.26
2014-03-26,0.01
2014-03-25,1.3
2014-03-24,-0.56
2014-03-21,0.23
2014-03-20,-0.47
2014-03-19,-0.49
2014-03-18,0.56
2014-03-17,0.62
2014-03-14,-0.4
2014-03-13,-1.01
2014-03-12,-0.97
2014-03-11,-0.06
2014-03-10,-0.35
2014-03-07,-1.12
2014-03-06,0.19
2014-03-05,-0.71
2014-03-04,1.72
2014-03-03,-1.49
2014-02-28,-0.01
2014-02-27,0.16
2014-02-26,-0.46
2014-02-25,-0.52
2014-02-24,0.41
2014-02-21,0.37
2014-02-20,0.24
2014-02-19,0.0
2014-02-18,0.9
2014-02-17,1.09
2014-02-14,0.06
2014-02-13,-0.23
2014-02-12,0.04
2014-02-11,1.23
2014-02-10,0.3
2014-02-07,0.2
2014-02-06,1.55
2014-02-05,0.13
2014-02-04,-0.25
2014-02-03,-0.69
2014-01-31,-0.43
2014-01-30,-0.09
2014-01-29,-0.43
2014-01-28,0.33
2014-01-27,-1.7
2014-01-24,-1.62
2014-01-23,-0.78
2014-01-22,-0.12
2014-01-21,-0.04
2014-01-20,0.11
2014-01-17,0.2
2014-01-16,-0.07
2014-01-15,0.78
2014-01-14,0.14
2014-01-13,0.26
2014-01-10,0.73
2014-01-09,-0.45
2014-01-08,-0.5
2014-01-07,0.37
2014-01-06,0.0
2014-01-03,0.19
2014-01-02,-0.46
